idx,token,importance
2, tale,20013.081997596353
5, the,10063.092310282855
6, two,10026.44139033244
1, fairy,9998.905173897447
12, fantasy,52.594635206634024
4, mix,40.38884722244879
8, genres,29.610133648147297
0,The,28.315337724459937
7, following,27.13838943671354
9,:,12.176660314345867
3, will,5.642346399045323
11, +,-1.6342395528580766
10, crime,-2.618906727612739
