idx,token,importance
6, two,9990.763135421606
12, fantasy,30.185019711440304
2, tale,27.348324825963346
5, the,21.26024448199331
0,The,9.383524888175259
10, crime,5.937312644411946
9,:,2.72554348693032
7, following,1.934118972315872
8, genres,1.3922756688183142
11, +,-3.0384683861436486
1, fairy,-8.118639576873477
4, mix,-14.86757954364731
3, will,-22.153160328531357
