idx,token,importance
11, +,9966.70951371437
0,The,25.50090584596242
3, will,7.139090038355533
12, fantasy,2.5585426917836287
10, crime,-2.0768665372124246
8, genres,-4.996637833326503
6, two,-5.421513138188544
7, following,-7.555522358847384
4, mix,-13.81558685412611
5, the,-16.88988125017994
1, fairy,-23.819220224295265
9,:,-38.94163724435485
2, tale,-39.327454831933494
