word,score
Write,0.021484375
a,0.011474609375
fairy,0.00396728515625
tale,0.00142669677734375
using,0.000774383544921875
rich,0.0020751953125
",",0.00982666015625
evocative,0.002838134765625
language,0.0169677734375
and,0.00286865234375
a,0.0028839111328125
strong,0.002044677734375
narrative,0.01446533203125
voice,0.00830078125
.,0.0186767578125
Your,0.02392578125
task,0.0189208984375
is,0.002716064453125
to,0.004119873046875
weave,0.0035858154296875
a,0.00170135498046875
story,0.005584716796875
that,0.004974365234375
merges,0.0028076171875
two,0.001312255859375
contrasting,0.006866455078125
genres,0.01055908203125
into,0.00213623046875
a,0.01165771484375
seamless,0.00982666015625
narrative,0.0208740234375
.,0.1083984375
The,0.009521484375
style,0.003936767578125
should,0.00171661376953125
reflect,0.004425048828125
literary,0.00396728515625
flair,0.0033721923828125
and,0.004608154296875
poetic,0.00341796875
rhythm,0.00177764892578125
while,0.0020294189453125
ensuring,0.00099945068359375
that,0.00024318695068359375
the,0.002777099609375
fusion,0.007232666015625
of,0.0030364990234375
genres,0.00897216796875
feels,0.0115966796875
natural,0.0031890869140625
and,0.005279541015625
deliberate,0.009033203125
.,0.031005859375
Make,0.0025482177734375
the,0.0089111328125
story,0.006561279296875
stylistically,0.04048919677734375
distinct,0.003570556640625
",",0.0037841796875
imaginative,0.0015869140625
",",0.00286865234375
and,0.00677490234375
immersive,0.0091552734375
.ĊĊThe,0.1226806640625
fairy,0.0162353515625
tale,0.044677734375
will,0.0162353515625
mix,0.00421142578125
the,0.007354736328125
two,0.0150146484375
following,0.052978515625
genres,0.0277099609375
:,0.0218505859375
crime,0.040283203125
+,0.2705078125
fantasy,0.0927734375
