word,score
Write,84.0625
a,91.75
fairy,70.0
tale,39.0625
using,33.09375
rich,13.6171875
",",17.890625
evocative,48.1171875
language,21.015625
and,14.5625
a,19.484375
strong,11.703125
narrative,16.515625
voice,18.546875
.,32.21875
Your,17.796875
task,23.078125
is,13.140625
to,14.7265625
weave,26.328125
a,13.3515625
story,12.2109375
that,11.515625
merges,29.703125
two,10.1171875
contrasting,20.25
genres,25.0390625
into,10.078125
a,11.546875
seamless,13.69921875
narrative,10.3515625
.,13.0859375
The,11.1953125
style,11.65625
should,12.1328125
reflect,9.7734375
literary,11.0859375
flair,33.125
and,8.046875
poetic,16.13671875
rhythm,8.203125
while,15.171875
ensuring,17.625
that,16.140625
the,17.546875
fusion,11.5
of,11.0625
genres,24.1953125
feels,9.1640625
natural,5.79296875
and,6.75
deliberate,17.8984375
.,12.453125
Make,13.046875
the,12.59375
story,11.0078125
stylistically,39.0078125
distinct,10.8203125
",",11.0859375
imaginative,18.40625
",",8.2734375
and,8.4609375
immersive,31.2109375
.<0x0A><0x0A>The,100.0546875
fairy,30.4609375
tale,19.1875
will,23.953125
mix,20.40625
the,17.96875
two,21.484375
following,37.03125
genres,29.90625
:,25.640625
crime,52.875
+,38.8125
fantasy,32.1875
