idx,token,importance
12, fantasy,10061.15513069727
3, will,53.69008928463947
6, two,26.579448084270467
8, genres,7.964150080620215
7, following,0.1554523579735303
1, fairy,-0.0739757521248805
11, +,-3.7226533996516764
9,:,-5.299922065536833
2, tale,-5.558756925532606
4, mix,-18.168678418477285
5, the,-26.883763601541133
0,The,-37.7440216241889
10, crime,-49.37270666835181
