idx,token,importance
3, will,83.67009172026152
6, two,69.44055166620012
11, +,53.56020482385759
4, mix,53.45521830271042
12, fantasy,49.467698391718244
7, following,45.63894243288979
8, genres,40.71075103440762
10, crime,35.7359319955095
2, tale,29.85674434767546
1, fairy,29.243404890616873
9,:,19.535027396031722
5, the,9.664359072265881
0,The,1.2288436810581942
