idx,token,importance
9,:,20005.266477257665
7, following,20.99574592567862
12, fantasy,19.86381727858398
11, +,10.910602794901422
4, mix,10.135671196881617
0,The,6.570388822864629
1, fairy,-2.8732092434173353
8, genres,-5.453832563835562
3, will,-6.557323682422037
2, tale,-9.970078552621402
6, two,-10.436272357799226
5, the,-31.70814030761676
10, crime,-149.9709525529127
