idx,token,importance
4, mix,10036.065210005838
1, fairy,9976.477374675149
0,The,9962.677948768218
6, two,32.26966904644479
7, following,17.208050267998544
12, fantasy,15.95983907518172
5, the,14.718808105189083
9,:,-6.13782474449755
3, will,-6.4267552645625585
2, tale,-8.605121588997036
11, +,-16.219018539710504
8, genres,-23.61345852374032
10, crime,-144.90666709572244
