word,score
Below,26.34375
are,22.015625
two,17.5
examples,20.03125
of,19.5625
how,17.390625
to,20.296875
structure,22.796875
creative,25.875
fairy,71.9375
tales,32.625
combining,24.171875
different,13.4609375
genres,32.28125
:<0x0A><0x0A>Example,118.234375
1,24.7421875
:,20.359375
A,10.5859375
cyberpunk,58.15625
-fantasy,59.8515625
tale,18.78125
about,11.0
a,9.7578125
magical,11.5234375
hacker,24.3046875
who,7.6328125
reprograms,23.66796875
dreams,10.6640625
in,7.9765625
a,8.4609375
neon,20.8359375
-lit,17.43359375
forest,10.5390625
.<0x0A>Example,49.109375
2,16.07421875
:,13.5234375
A,9.734375
noir,64.515625
-folklore,62.1484375
story,8.6640625
in,7.4375
which,11.3671875
a,10.90625
cursed,34.53125
detective,29.34375
solves,24.734375
ghost,14.9609375
crimes,23.203125
in,10.6484375
a,6.48828125
forgotten,9.8203125
village,11.9921875
.<0x0A><0x0A>Now,65.5
",",16.96875
using,19.875
the,10.3203125
same,14.90625
creative,13.765625
format,19.40625
and,12.65625
narrative,13.4453125
balance,20.5
",",18.703125
write,26.578125
a,13.359375
new,18.203125
fairy,31.1953125
tale,22.375
based,17.15625
on,11.9140625
the,13.0625
two,24.703125
genres,34.921875
provided,30.671875
.,25.875
Blend,28.6171875
the,12.7578125
styles,14.5078125
meaningfully,26.9765625
and,8.03125
maintain,10.484375
the,7.5078125
tone,8.6953125
of,6.43359375
a,7.16015625
cohesive,23.875
and,5.25390625
well,4.40625
-written,9.888671875
story,8.4140625
.<0x0A><0x0A>The,99.65625
fairy,39.609375
tale,24.125
will,26.875
mix,25.4375
the,16.8125
two,27.046875
following,45.46875
genres,61.171875
:,40.15625
crime,115.0
+,54.84375
fantasy,95.25
