idx,token,importance
4, mix,9999.803260091581
0,The,9997.576408773106
10, crime,9971.62965266501
12, fantasy,23.213457707371248
9,:,13.716149366954426
6, two,11.893942219085659
5, the,6.380457186295075
11, +,-4.477257530490846
8, genres,-11.535365240421044
2, tale,-14.192271539044981
3, will,-16.367050078007367
1, fairy,-28.72690560748225
7, following,-35.40513420574919
