idx,token,importance
2, tale,29.10458051128822
10, crime,26.028479855398928
3, will,25.784146245504502
4, mix,17.246050672679615
9,:,13.43868668292069
8, genres,9.73563825218875
1, fairy,9.708762179096738
7, following,1.1993837468867525
5, the,-1.2525534830837444
6, two,-4.953187659039486
12, fantasy,-5.639492613702146
0,The,-16.69330475003966
11, +,-22.962689466111755
