word,score
Write,9.1953125
a,8.2890625
fairy,4.33984375
tale,4.55078125
using,3.673828125
rich,2.74609375
",",6.83984375
evocative,3.9072265625
language,1.630859375
and,0.7900390625
a,0.6435546875
strong,0.728515625
narrative,1.23828125
voice,1.4658203125
.,2.146484375
Your,1.884765625
task,1.9150390625
is,1.185546875
to,1.11328125
weave,1.2158203125
a,0.80615234375
story,1.69921875
that,1.4169921875
merges,2.51953125
two,1.6787109375
contrasting,2.75
genres,2.7890625
into,1.25390625
a,0.50439453125
seamless,1.2216796875
narrative,0.8818359375
.,2.248046875
The,1.7451171875
style,1.0576171875
should,1.2412109375
reflect,0.75439453125
literary,1.4111328125
flair,1.177734375
and,0.59228515625
poetic,1.359375
rhythm,0.85693359375
while,0.69921875
ensuring,1.2099609375
that,1.0009765625
the,0.84375
fusion,1.017578125
of,0.87841796875
genres,1.4384765625
feels,0.9921875
natural,0.460693359375
and,0.63427734375
deliberate,0.9921875
.,2.236328125
Make,2.23046875
the,2.46875
story,1.9248046875
stylistically,3.18212890625
distinct,1.26171875
",",3.234375
imaginative,1.5595703125
",",3.271484375
and,1.314453125
immersive.ĊĊThe,14.404296875
fairy,3.11328125
tale,3.306640625
will,2.083984375
mix,2.435546875
the,2.154296875
two,3.169921875
following,5.3671875
genres,5.01171875
:,5.94140625
crime,9.3984375
+,8.15625
fantasy,7.11328125
