word,score
You,29.765625
are,26.375
about,30.0
to,15.90625
write,33.75
a,20.546875
fairy,31.890625
tale,22.609375
that,15.9296875
blends,15.1953125
two,9.4375
deeply,8.7265625
contrasting,16.34375
genres,21.0703125
.,15.03125
Let,8.5859375
your,9.2265625
narrative,9.6484375
flow,7.796875
between,8.4296875
them,6.4609375
with,5.88671875
emotional,5.22265625
depth,5.13671875
and,4.2890625
imaginative,8.69140625
flair,12.2109375
.,10.4921875
Do,4.35546875
not,8.1953125
explain,7.421875
the,7.46875
genres,13.30078125
—embrace,21.0
them,3.234375
.,7.09375
Shift,9.193359375
the,7.2890625
tone,4.890625
gracefully,10.98046875
from,6.78125
light,5.3515625
to,5.78515625
dark,6.09375
",",5.21484375
logic,10.5234375
to,5.73828125
magic,8.40625
",",4.0625
order,5.75
to,3.6640625
absurdity,10.859375
.,5.0234375
Your,5.44140625
story,8.6328125
should,6.43359375
feel,7.69921875
enchanting,19.8828125
",",9.6171875
contradictory,28.67578125
",",3.265625
and,4.296875
rich,4.33203125
with,5.85546875
wonder,4.6953125
.,5.4296875
No,4.5
need,7.390625
for,5.7421875
structure,7.8515625
",",5.16796875
just,4.3515625
follow,7.1640625
the,6.8046875
emotional,5.48828125
current,7.90625
of,7.234375
the,9.3125
genres,20.40625
provided,18.1875
.<0x0A><0x0A>The,52.8828125
fairy,32.78125
tale,23.75
will,10.8828125
mix,12.78125
the,8.9375
two,12.859375
following,22.09375
genres,33.6640625
:,22.03125
crime,60.53125
+,23.421875
fantasy,37.8125
