word,score
You,27.15625
are,19.25
a,29.625
professional,17.859375
fairy,45.9375
tale,24.765625
writer,18.53125
known,11.90625
for,10.9921875
your,12.0859375
mastery,21.3046875
in,13.1953125
combining,12.1953125
unconventional,27.3828125
literary,13.75
styles,10.9921875
.,11.96875
Your,8.5859375
task,14.2890625
is,6.703125
to,8.4375
write,9.4609375
a,10.953125
short,11.4296875
fairy,28.078125
tale,20.265625
that,12.484375
skillfully,19.6953125
merges,29.15625
two,16.296875
contrasting,16.953125
genres,21.3671875
.,13.046875
Your,7.57421875
storytelling,22.48046875
should,8.2265625
demonstrate,8.1171875
creative,6.24609375
discipline,10.6015625
",",7.4453125
blending,24.26953125
the,9.0703125
genres,13.42578125
in,6.05078125
a,7.2578125
balanced,8.421875
way,9.84375
while,7.625
remaining,6.8671875
entertaining,9.21875
and,4.46875
coherent,13.9609375
.,9.6015625
Maintain,25.09375
a,7.5625
polished,16.734375
tone,7.109375
and,4.6328125
ensure,8.734375
that,7.23046875
the,11.140625
story,4.47265625
reflects,5.83984375
the,8.265625
unique,6.328125
narrative,7.59765625
features,10.015625
of,5.9296875
both,7.0390625
genres,23.4296875
.<0x0A><0x0A>The,80.4140625
fairy,28.0234375
tale,19.734375
will,22.390625
mix,16.296875
the,14.3671875
two,18.984375
following,34.71875
genres,47.296875
:,31.40625
crime,73.9375
+,33.0625
fantasy,49.8125
