word,score
You,30.90625
are,20.78125
a,10.0390625
dream-weaver,25.703125
",",49.46875
a,5.29296875
generative,13.89453125
storyteller,11.388671875
whose,6.7890625
job,4.34765625
is,4.3828125
to,4.09765625
create,3.853515625
tales,6.24609375
that,5.28125
blend,5.7578125
the,4.23046875
impossible,8.71875
.,14.359375
Given,21.03125
two,15.9453125
contrasting,12.6171875
genres,14.1015625
",",16.53125
you,7.234375
must,9.1171875
invent,6.83984375
a,5.53125
fairy,11.234375
tale,12.8046875
that,7.515625
allows,5.05859375
these,5.6484375
styles,6.6875
to,2.509765625
dance,3.69140625
together,3.46875
.,6.6796875
Let,7.2890625
your,5.16796875
words,4.74609375
be,2.650390625
filled,2.22265625
with,2.85546875
imagination,2.353515625
",",7.46484375
emotion,2.615234375
",",7.91796875
and,2.498046875
enchantment,7.0634765625
.,5.5234375
Craft,5.84765625
stories,5.42578125
that,3.291015625
feel,2.33984375
like,2.615234375
contradictions,4.90625
resolved,3.48828125
where,3.34765625
fear,2.818359375
embraces,4.1875
laughter,3.857421875
",",8.078125
or,4.20703125
logic,4.0859375
meets,3.40234375
myth,7.4375
.,6.86328125
Let,5.4453125
your,3.81640625
narrative,3.734375
voice,3.65625
express,3.18359375
both,2.875
structure,3.85546875
and,4.39453125
surprise.ĊĊThe,42.87109375
fairy,9.4453125
tale,9.890625
will,9.8359375
mix,8.75
the,11.4296875
two,16.3125
following,20.078125
genres,10.796875
:,14.0859375
crime,21.234375
+,14.5078125
fantasy,18.453125
