word,score
You,16.03125
are,12.96875
about,9.578125
to,8.7578125
write,5.41796875
a,4.48828125
fairy,6.54296875
tale,7.3984375
that,5.7890625
blends,3.806640625
two,2.822265625
deeply,3.052734375
contrasting,4.0390625
genres,4.4375
.,6.83203125
Let,4.04296875
your,3.16015625
narrative,2.330078125
flow,1.84765625
between,2.42578125
them,2.091796875
with,1.7578125
emotional,1.5
depth,1.2041015625
and,1.1474609375
imaginative,1.7314453125
flair,2.208984375
.,3.533203125
Do,2.240234375
not,2.0546875
explain,2.875
the,2.1953125
genresâĢĶembrace,9.0654296875
them,1.1025390625
.,2.681640625
Shift,2.01953125
the,1.322265625
tone,1.4423828125
gracefully,2.349609375
from,2.123046875
light,1.2568359375
to,1.6669921875
dark,1.66796875
",",6.859375
logic,2.765625
to,1.716796875
magic,1.4287109375
",",3.548828125
order,1.9794921875
to,1.84765625
absurdity,3.58349609375
.,2.30078125
Your,1.685546875
story,2.0546875
should,1.1796875
feel,0.86962890625
enchanting,2.998046875
",",2.69921875
contradictory,2.41796875
",",3.294921875
and,0.7802734375
rich,0.86328125
with,0.99658203125
wonder,0.9833984375
.,1.7822265625
No,1.0322265625
need,1.392578125
for,1.265625
structure,1.73828125
",",3.279296875
just,1.0322265625
follow,1.2626953125
the,1.19140625
emotional,1.6708984375
current,2.34375
of,2.10546875
the,2.349609375
genres,3.001953125
provided.ĊĊThe,16.939453125
fairy,7.5
tale,4.21875
will,3.228515625
mix,2.6875
the,2.521484375
two,3.123046875
following,4.6875
genres,5.22265625
:,6.00390625
crime,10.265625
+,5.015625
fantasy,4.0390625
