idx,token,importance
4, mix,9995.065490456758
9,:,9971.25403797098
1, fairy,30.23262716092259
3, will,1.2069691190262972
12, fantasy,-1.0640903178633323
2, tale,-8.82424588041522
11, +,-11.087896774354846
6, two,-16.20294061642747
7, following,-18.059467397667476
5, the,-21.93807989266412
8, genres,-36.101983859176386
10, crime,-41.56257818853348
0,The,-42.57360063798089
